,0
0,Class
1,0.9999976822194159
2,0.9999991510548278
3,0.5842755282223252
4,0.47679048694214005
5,0.9999998730252823
6,0.999999967321387
7,0.9999573515708032
8,0.999999571625444
9,0.999999812371417
10,0.9999960099074793
11,0.3557420225388617
12,0.363757919097182
13,0.999997320959459
14,0.2840740974082782
15,0.016012825384433618
16,0.017553975010326336
17,0.40156128192611845
18,0.9999517635537961
19,0.0021569933918970134
20,0.059911833695334205
21,0.014133499095295111
22,0.9937958005257389
23,0.9999955184133379
24,0.9999999121411104
25,0.9999965167815629
26,0.9420464938496309
27,0.29919326461731843
28,0.00017465052500084254
29,0.02539207552898938
30,0.684457648608909
31,0.0021569933918970134
32,0.3644114091902526
33,0.12836149245536022
34,0.9999966654359188
35,0.9999570338628962
36,0.03310343124218683
37,0.9999978508595505
38,0.9999999150115891
39,0.9927345804396661
40,0.9990735044732192
41,0.16274405322482352
42,0.26101436365701786
43,0.015244470748498145
44,0.999999534045225
45,0.0021569933918970134
46,0.04895720098714986
47,0.002199660765017485
48,0.9999932417053264
49,0.4675535283645274
50,0.99999977028237
51,0.9999999800285766
52,0.08006394302684447
53,0.014285648122654237
54,0.029957401191823874
55,0.9953895365038492
56,0.9979964610677036
57,0.9999965635746476
58,0.999609980839251
59,0.9999865263429002
60,0.00020846590670860584
61,0.9999994107251271
62,0.10871947160525113
63,0.007870208711390634
64,0.08288889435422661
65,0.017963265577874046
66,0.955914981340696
67,0.9999899216359697
68,0.9999998898817556
69,0.2699247722348451
70,0.9991953925779955
71,0.03861766645031862
72,0.13807847227347383
73,0.9999040493347693
74,0.9999982711891158
75,0.030499637799844843
76,0.999818494742965
77,0.0009284058695312294
78,0.9990397407888778
79,0.12819197139759003
80,0.9998535583477955
81,0.9999713322462396
82,0.37246574975607494
83,0.14559809942318003
84,0.0021569933918970134
85,0.9999998985565861
86,0.47645277916253964
87,0.9999929120653467
88,0.4015299472921599
89,0.014133499095295111
90,0.9349919747208374
91,0.4673658203244969
92,0.004537051515085287
93,0.42017874320487036
94,0.021896720443387276
95,0.0021569933918970134
96,0.0004751155293974424
97,0.4314906995022266
98,0.0061490773509796145
99,0.00022377456552968438
100,0.14996844929563322
101,0.9999990222574074
102,0.0030377766502121136
103,0.09647888610886066
104,0.07164476291807265
105,0.9992861406978008
106,0.9987851739213987
107,0.0003523319731662038
108,0.998997545335086
109,0.956672001393978
110,0.05275142376139385
111,0.04304525028575107
112,0.2585373815347063
113,0.02291306038530169
114,0.9999999460024341
115,0.30973183095177403
116,0.32438374551697674
117,0.9999957960849573
118,0.0032277391689680963
119,0.35214694204975144
120,0.07503766485987409
121,0.9999876634505366
122,0.9981396338854066
123,0.9197068666831004
124,0.9999995908374315
125,0.003228602927594309
126,0.006476353499270398
127,0.43750663781007004
128,0.11825588976783057
129,0.9999990859527713
130,0.9999464299902003
131,0.9999999295099851
132,0.12481579765828109
133,0.05283712139597113
134,0.14040706749542473
135,0.15209401226462393
136,0.004997942293017545
137,0.2584842684314577
138,0.0020638482991098325
139,0.9999984087064049
140,0.2062447982471597
141,0.9999997440384661
142,0.011467177897244746
143,0.9927537546853482
144,0.9999835439420379
145,0.9847060697490088
146,0.2099867685266478
147,0.999950602205682
148,0.997795095959791
149,0.99999955566254
150,0.9999950169192668
151,0.9999871405158325
152,0.05865244434772755
153,0.0007808268534562412
154,0.15369108411997198
155,0.9999925866424585
156,0.9999950243527715
157,0.180475494686313
158,0.9998376376440696
159,0.5346963592938915
160,0.3586771014614169
161,0.0021569933918970134
162,0.1362272555897487
163,0.9999894694850253
164,0.9968847499609261
165,0.030106238132112398
166,0.0740523960532854
167,0.1938175862069431
168,0.7989466106200396
169,0.02004885440351368
170,0.3629257848833429
171,0.9859635163103398
172,0.999998723897481
173,0.9999996768807715
174,0.4233317787756509
175,0.0006445943336606665
176,0.9999999034307809
177,0.9999687911250146
178,0.10592787707536512
179,0.9999734637521883
180,0.13450442039998822
181,0.9999268748926355
182,0.9999998301540105
183,0.16414955522890495
184,0.3566040909687771
185,0.9999997973428868
186,0.0021569933918970134
187,0.24405879283817347
188,0.019781910110225204
189,0.9999997350228038
190,0.10471569748205166
191,0.9997543901915964
192,0.9999998688657087
193,0.02594241466805138
194,0.07628659856594712
195,0.27517531764661624
196,0.49530214943548345
197,0.008951635318218982
198,0.0021569933918970134
199,0.9999801246706003
200,0.7381054017079504
201,0.0007131072571018402
202,0.04390501277482226
203,0.2487667677955288
204,0.04445696526653796
205,0.0021569933918970134
206,0.9696768847774085
207,0.16506017876108178
208,0.9999998471063211
209,0.9999942580659823
210,0.05848051980631112
211,0.02747907630480504
212,0.002191370520150792
213,0.9983537328439723
214,0.9999995184078211
215,0.00025466322346993556
216,0.22825464573000145
217,0.9973014505791749
218,0.0021569933918970134
219,0.03856809824358589
220,0.00696194122361879
221,0.1564639229183774
222,0.0008940043024850687
223,0.9988731448434256
224,0.36800210836468694
225,0.2947625365661423
226,0.07839974742348155
227,0.014133499095295111
228,0.13777564289701238
229,0.9999997311552355
230,0.9988850939507153
231,0.5701120131382872
232,0.9980905379882944
233,0.9999996813680322
234,0.9995097091788234
235,0.9999959204551283
236,0.99990783490666
237,0.043845779265273645
238,0.999981056260461
239,0.4493997312453802
240,0.9999979931378349
241,0.5356488791433791
242,0.19988103979879582
243,0.9998949779963975
244,0.34048567699180887
245,0.2134079444050401
246,0.012054126655032587
247,0.0021569933918970134
248,0.9999968223099711
249,0.1255413803218053
250,0.1400851326803057
251,0.37394966152087794
252,0.7540608493018349
253,0.9999998976650967
254,0.9910036566724452
255,0.9999947236846014
256,0.1029903879784892
257,0.9999979432420621
258,0.9999980761018497
259,0.9999987322098968
260,0.5095867605223987
261,0.0271983815185168
262,0.32438374551697674
263,0.9999991183662381
264,0.9999997779227632
265,0.0001842468259106511
266,0.2831961802865185
267,0.999804438681425
268,0.04488921904014445
269,0.3372585830889637
270,0.17179826366089457
271,0.32566419845919303
272,0.9999999866252979
273,0.9999459666575358
274,0.197357421932054
275,0.0021569933918970134
276,0.9990730471926276
277,0.5193179118505206
278,0.9999995552195026
279,0.32438374551697674
280,0.04113338289996759
281,0.0010251223814303097
282,0.9999991346928332
283,0.049865175907371634
284,0.997381596996298
285,0.05306652233754205
286,0.10377372996675305
287,0.021000538965151215
288,0.5318470990337432
289,0.0011386211913055337
290,0.1899707387376991
291,0.999995350708226
292,0.15835443505695698
293,0.9994114623765947
294,0.9999992191413647
295,0.1620996173379316
296,0.09930025022226836
297,0.998466781536199
298,0.9999997219757364
299,0.2692772911542836
300,0.17869976531054643
301,0.9999043597425945
302,0.9999283810056472
303,0.0021569933918970134
304,0.8875956646646046
305,0.0021569933918970134
306,0.9999717897142796
307,0.08827215605733114
308,0.999999956381303
309,0.2812370833089177
310,0.11495910822958404
311,0.8988503981281188
312,0.9993507704715496
313,0.9997418917123233
314,0.09165727520941319
315,0.9999977653645075
316,0.0861550782887266
317,0.9999910986289369
318,0.23659353929718974
319,0.5961331064769627
320,0.0026828425157291278
321,0.0164526633920857
322,0.16644850237781614
323,0.0011084150304479883
324,0.04226224274677326
325,0.9999517635537961
326,0.5631168960516996
327,0.9471604203494122
328,0.9999901738346352
329,0.0630249319359801
330,0.3129039095431576
331,0.0021569933918970134
332,0.999998972013631
333,0.9999951177938677
334,0.0008732105087074831
335,0.0793286979849363
336,0.999999802827153
337,0.9999686868794044
338,0.9992708982898445
339,0.03454043245603515
340,0.9999848935155933
341,0.9999851732844535
342,0.0005425443331077002
343,0.01321536588736642
344,0.995472300647497
345,0.9999964699381315
346,0.008829932059712185
347,0.9999925913699201
348,0.9999995814348802
349,0.0018094625123587706
350,0.9947138972060124
351,0.9999995912093863
352,0.0017745293549907624
353,0.11707128490182797
354,0.9999997172054949
355,0.008870844495604008
356,0.31256181898003804
357,0.39240551102331495
358,0.3549995224738193
359,0.9999932680014688
360,0.0021569933918970134
361,0.05857995575187128
362,0.9999993966238323
363,0.05054455836638162
364,0.9999954886222482
365,0.9999904762674177
366,0.06920317513670646
367,0.18211727500035652
368,0.999949579014361
369,0.05711836822848767
370,0.9999996820898013
371,0.3177161141853036
372,0.3002220767498612
373,0.9999993819918478
374,0.9999999811483067
375,0.9999993409146453
376,0.9999996772197856
377,0.000510841780326112
378,0.9999591065331482
379,0.9999997074397414
380,0.012551705603939804
381,0.00015157222935739548
382,0.40995392697685756
383,0.4314906995022266
384,0.9999858120130746
385,0.08613713208272045
386,0.9999997172054949
387,0.9992640180867284
388,0.9999999138039223
389,0.2819178737460596
390,0.07741873043724866
391,0.9997369463671868
392,0.48460055365032634
393,0.013425928462576496
394,0.0021569933918970134
395,0.9999998340217213
396,0.007216679666228432
397,0.0030377766502121136
398,0.0017691638092880793
399,0.9999998112405031
400,0.017250652227589217
401,0.9997611872226109
402,0.9369251704947759
403,0.1224655451500229
404,0.9999942829722526
405,0.9999984626762477
406,0.0673030589893879
407,0.8503402661959466
408,0.21053183882803228
409,0.02132632735237864
410,0.9998708325057367
411,0.22987694507979614
412,0.013213039062813441
413,0.9999992323997977
414,0.017596721755080466
415,0.9994947648053569
416,0.06533584659789188
417,0.9999986948255488
418,0.0009865464246140484
419,0.9999999757245209
420,0.9999998365138785
421,0.0008504667706081268
422,0.9999994642524556
423,0.006666713049075358
424,0.999999317582427
425,0.27754335470541724
426,0.0918161061874473
427,0.0030377766502121136
428,0.0007032746645237342
429,0.9999969236290835
430,0.07837774907753554
431,0.9696768847774085
432,0.6596554777575698
433,0.9999997207656256
434,0.4314906995022266
435,0.003276362269616887
436,0.998058698670321
437,0.16557540958698658
438,0.999729848026313
439,0.02966090107465338
440,0.08681755175271945
441,0.4314906995022266
442,0.0030377766502121136
443,0.014133499095295111
444,0.9989030359835499
445,0.16756188945799094
446,0.002076891103942247
447,0.023031272310367844
448,0.12853345567573035
449,0.14631943123268498
450,0.9996648992050364
451,0.30782447483403136
452,0.9999992880943556
453,0.9993693797804378
454,0.9999982697057183
455,0.1581984794808186
456,0.027044069203201324
457,0.6366051398875782
458,0.7881063854765714
459,0.9999992381338021
460,0.6420651662143011
461,0.9999977106613103
462,0.00129332640637051
463,0.12926618141383647
464,0.9999995558869861
465,0.25348750969901
466,0.12942426843729438
467,0.9999978313560899
468,0.18655646065941917
469,0.999995340734384
470,0.999997555468628
471,0.07119324533014706
472,0.0021569933918970134
473,0.9999425522065853
474,0.9999866364163021
475,0.20224290380923995
476,0.48879395943178305
477,0.9999908217018428
478,0.9999992884808337
479,0.0021569933918970134
480,0.9998608964853627
481,0.03229268917646476
482,0.9999996143239291
483,0.9999497862941441
484,0.9999978532055018
485,0.9991831276745583
486,0.0021569933918970134
487,0.9999859178382505
488,0.024437815724750764
489,0.06095588948701679
490,0.38553467671372027
491,0.9998781403910625
492,0.9999870738055262
493,0.07915775029000459
494,0.9999996589826892
495,0.9155735908165613
496,0.18046432098382525
497,0.9999824772497927
498,0.17295850552933778
499,0.9998027404592045
500,0.3098893106923465
501,0.9999988296422543
502,0.11072761491040052
503,0.9927537546853482
504,0.02664903429476234
505,0.06978629174467214
506,0.9999998964697792
507,0.006411999999070532
508,0.9999821934893888
509,0.9999705744257951
510,0.42638128981759094
511,0.0021569933918970134
512,0.0001593244519121611
513,0.9999999711184135
514,0.9999502254094995
515,0.16344172954923344
516,0.9973014505791749
517,0.9369251704947759
518,0.17419564825835465
519,0.0021569933918970134
520,0.6874064088453998
521,0.9999968080542129
522,0.016925069653376975
523,0.08447632061009054
524,0.9999954220127932
525,0.05309715797029611
526,0.4802882959063504
527,0.07632636601365479
528,0.5331568278553419
529,0.006169822843839169
530,0.9999999128111947
531,0.0924762517337557
532,0.99999919093321
533,0.37471720067816233
534,0.9999262684988452
535,0.1317632002573354
536,0.999972712753199
537,0.9999762822418411
538,0.9999907567267187
539,0.0021569933918970134
540,0.014133499095295111
541,0.9999571827054734
542,0.9114937724161317
543,0.04761599052875593
544,0.9999975690319037
545,0.9999937759464218
546,0.39179828158594115
547,0.02271740078302017
548,0.1529508926660944
549,0.22158827374261209
550,0.32587795101906897
551,0.009484724893419755
552,0.9999998827002441
553,0.06275170906016103
554,0.034856162533569775
555,0.9999995350218087
556,0.0007873749896289035
557,0.9999957409571923
558,0.999999248054577
559,0.0026599146683543035
560,0.9980851613237187
561,0.999662815713603
562,0.999999142966272
563,0.9999927266569175
564,0.11883597429022066
565,0.021900628794936573
566,0.9369251704947759
567,0.07982235799580432
568,0.9999954469923064
569,0.16698646368325984
570,0.9999910755611736
571,0.050305621046941404
572,0.035540434451298196
573,0.030106238132112398
574,0.9999851482795324
575,0.07982235799580432
576,0.35109399408373587
577,0.9999179719152771
578,0.05174512649592674
579,0.02555187735321895
580,0.03225949307492173
581,0.3724557088808958
582,0.26243262564781694
583,0.999963015461693
584,0.04322415659511253
585,0.23630069985726637
586,0.2309149625579522
587,0.9999927405680069
588,0.9999993666342152
589,0.002355487819721418
590,0.09868598823267999
591,0.9999857186541755
592,0.9999996061534867
593,0.0790692772598976
594,0.9999978554279895
595,0.40005080871249293
596,0.9999874675743025
597,0.9999990348098717
598,0.9999230954803662
599,0.0028654182280225715
600,0.011561482973358737
601,0.9999466137708478
602,0.20400674833150612
603,0.14882715787603132
604,0.9999998314875853
605,0.9999992897697432
606,0.4965640973408702
607,0.9999990053739481
608,0.9998368679011979
609,0.0019823680744582607
610,0.015115829785277519
611,0.9999910178427266
612,0.9111644872128585
613,0.0029909759588769465
614,0.7723615446719256
615,0.9999956605695182
616,0.03112111389176055
617,0.0010405159068642143
618,0.9999996932288342
619,0.9999999239393447
620,0.9999808678345239
621,0.9999998345447801
622,0.9987188971396516
623,0.03619870086387934
624,0.9999997963532999
625,0.999938475816865
626,0.12329948533897389
627,0.999997320959459
628,0.4314906995022266
629,0.9998401796725302
630,0.9999994277661773
631,0.4475776954403585
632,0.19176747991707088
633,0.19175203201217442
634,0.9999986584005331
635,0.06498332552866548
636,0.006775320200758088
637,0.10991585122664205
638,0.13915712616130396
639,0.9999970653386046
640,0.9999958708335711
641,0.9980070777325716
642,0.3895445587038636
643,0.009011298876936712
644,0.003447749700203417
645,0.9999999295668143
646,0.977134168527395
647,0.0845798107971312
648,0.0012145552266086435
649,0.9999962617383416
650,0.0021569933918970134
651,0.3518031361585853
652,0.9998679196858374
653,0.9696768847774085
654,0.03217766985901056
655,0.18363179714369365
656,0.028333339191078964
657,0.02370723296630548
658,0.9998914338431959
659,0.09620377096123019
660,0.014133499095295111
661,0.9996064152407644
662,0.8634787678478288
663,0.1875655194600914
664,0.9919241485904703
665,0.9999756215169779
666,0.9999988868224762
667,0.6087459920371108
668,0.08560824528413039
669,0.007514568892570047
670,0.12233574516630402
671,0.9997451798115062
672,0.9999995646471784
673,0.9999565762018746
674,0.5943318570680971
675,0.06419500354556659
676,0.00013129054131352468
677,0.999994666928923
678,0.9999970700034034
679,0.09908690782983001
680,0.0021569933918970134
681,0.9999999428096674
682,0.9999977119503171
683,0.2732808107268624
684,0.004283930446982137
685,0.999999959354512
686,0.9999968223099711
687,0.9369251704947759
688,0.07701910252273951
689,0.9999988908503821
690,0.998769277190902
691,0.9986983958281276
692,0.9349919747208374
693,0.005258634153894679
694,0.13516028241873992
695,0.08584040353596324
696,0.9927899978687103
697,0.9999999017586892
698,0.9996803446679503
699,0.08024622148329728
700,0.0859982901948602
701,0.014133499095295111
702,0.9999995273206659
703,0.999996449397849
704,0.014133499095295111
705,0.9999999241313902
706,0.0018945703017726665
707,0.25121590680544964
708,0.999861465099556
709,0.9862985416623745
710,0.022524966551000707
711,0.9999603552306412
712,0.9991321113243418
713,0.05430676390484698
714,0.002750417194176327
715,0.11739561426772477
716,0.9999988706093017
717,0.999998566216026
718,0.9976717297933462
719,0.19862612194807686
720,0.0009599975856913359
721,0.9989781191117
722,0.9998925212452978
723,0.9999796118465202
724,0.736621061199088
725,0.7304513906509514
726,0.9998977422902494
727,0.014133499095295111
728,0.9767899852031046
729,0.0021569933918970134
730,0.9999994563206996
731,0.9999999331174387
732,0.2383118946259574
733,0.14667630156741535
734,0.07137618518888954
735,0.9999565762018746
736,0.04509865072901314
737,0.753583876187949
738,0.9999980648442596
739,0.2960747360526551
740,0.9998610054657432
741,0.15760775352011416
742,0.0015308940701351604
743,0.9999986247896905
744,0.9999993973218122
745,0.023289253188898913
746,0.9999807141387549
747,0.3549995224738193
748,0.0007840762322332022
749,0.026867111963969598
750,0.0022666919133759256
751,0.3440486118142642
752,0.09298183802252516
753,0.999854652880366
754,0.038180233009870355
755,0.9999971089029044
756,0.04532441598030923
757,0.9870846465941384
758,0.9989680462988829
759,0.04034437583287994
760,0.9999981938921078
761,0.9992375343109232
762,0.0021569933918970134
763,0.18211096565238122
764,0.6446701459296085
765,0.999881468342449
766,0.013525908796659894
767,0.999999935534165
768,0.999982424410371
769,0.9999416837675321
770,0.9897581417050211
771,0.0021569933918970134
772,0.9999908295051221
773,0.6428540746839975
774,0.016540943333245017
775,0.015652588944699685
776,0.9994183121545915
777,0.07628659856594712
778,0.9999878760173406
779,0.9999999435714686
780,0.009655816233327999
781,0.10900418751622652
782,0.008493545041815964
783,0.14314238788538408
784,0.17160963603312615
785,0.9999923155204966
786,0.08773250006651978
787,0.1567592423388398
788,0.003438394699306575
789,0.33805601303406424
790,0.9999999885110499
791,0.9999936217929724
792,0.4222973808022644
793,0.23543671181112702
794,0.06512031973593714
795,0.013295850359591561
796,0.9999998649878938
797,0.2877125754779285
798,0.08875673880042648
799,0.9308909409377453
800,0.9999998328489708
801,0.004326369064606303
802,0.014133499095295111
803,0.9997031915610747
804,0.9999998834064098
805,0.9999993335923367
806,0.9999968415429662
807,0.9845274393077141
808,0.40135656064250746
809,0.18287835473405445
810,0.10404371965687478
811,0.009604471082295724
812,0.999994890953451
813,0.02618567083430739
814,0.1728325855486738
815,0.9999991226599588
816,0.030600812203694268
817,0.02803726273127785
818,0.9999998141888001
819,0.9999999595742687
820,0.9990795569116356
821,0.3105641404306038
822,0.3839715727217156
823,0.41821838906869957
824,0.9988375373953305
825,0.9960499728763418
826,0.9992640180867284
827,0.9999991089125606
828,0.999962074215116
829,0.9999993310880447
830,0.9999999093275461
831,0.03850920895729678
832,0.9554861475852138
833,0.9973014505791749
834,0.5282802290840592
835,0.06867383056012114
836,0.231739559038517
837,0.00044995298594082214
838,0.9987123733280339
839,0.9369251704947759
840,0.9999975721086315
841,0.036682012553597015
842,0.987344371132952
843,0.9999996060937585
844,0.9999982048642463
845,0.0014537893796586626
846,0.9999995880219212
847,0.0021569933918970134
848,0.1003523126863185
849,0.2825017253289723
850,0.3063576771412409
851,0.9999397538526191
852,0.9999989422321586
853,0.6943932109019634
854,0.18344174144471695
855,0.004721225456723017
856,0.34046846805084946
857,0.2721809409325456
858,0.00033056714044987215
859,0.9999994107251271
860,0.2192606912802087
861,0.9999999805178563
862,0.001256546335561158
863,0.09225907996172383
864,0.10477761485704899
865,0.32438374551697674
866,0.005718304642676374
867,0.07915775029000459
868,0.25194956632106036
869,0.014342659589313463
870,0.11912377736513317
871,0.9999998345447801
872,0.07738288456738827
873,0.0021569933918970134
874,0.020264946575874646
875,0.9998928870797014
876,0.9988870960259945
877,0.9999835407174633
878,0.0061727622612249905
879,0.9999834407069418
880,0.02558820688471768
881,0.21674574168789257
882,0.07789852706408484
883,0.3317957296733593
884,0.9999796581847721
885,0.11117901627824789
886,0.9999994808926471
887,0.16096689116350477
888,0.9999990057302708
889,0.23551181877352287
890,0.999995064540159
891,0.2160054722249084
892,0.9999996258960226
893,0.9999993017406035
894,0.9999794520403598
895,0.0276081369488251
896,0.9999938720546061
897,0.12478886154809296
898,0.11931957471126926
899,0.04950664862765195
900,0.030858340209720475
901,0.9995643694803824
902,0.9999985732361214
903,0.03551351169170939
904,0.8388283568202147
905,0.2830126767100482
906,0.001371020348238443
907,0.999999689591496
908,0.16767605547486905
909,0.9999979879775287
910,0.9991321113243418
911,0.3868175666497496
912,0.07780200843111716
913,0.05720247556746445
914,0.9999964253694825
915,0.9999986792285451
916,0.13562038335054277
917,0.05716853618217227
918,0.18738607433131046
919,0.000519482213371069
920,0.9999796277673126
921,0.1251515696415403
922,0.40873165325847804
923,0.9999327584367526
924,0.039921197190063866
925,0.11656461708570656
926,0.9999997531884068
927,0.028352326717428374
928,0.0021569933918970134
929,0.002314527594036642
930,0.9999951320861094
931,0.9999999666210476
932,0.056890373011963036
933,0.06728895884155797
934,0.9999539368514544
935,0.9992244631320195
936,0.05829852889577364
937,0.1605407043011472
938,0.12625305795555417
939,0.0042429056464936095
940,0.99999955624149
941,0.3264539079815165
942,0.9998177606814114
943,0.999989992528906
944,0.2599843121931157
945,0.960001005792057
946,0.9999989309064604
947,0.10236055514524507
948,0.9997611872226109
949,0.16093333342540053
950,0.999349952218403
951,0.2457864072995385
952,0.4314906995022266
953,0.029482754363108796
954,1.3585065494453957e-05
955,0.007635608849054306
956,0.998869421962855
957,0.3731760662734964
958,0.9999938514279186
959,0.09150660231663156
960,0.02792123588414076
961,0.9047148265481545
962,0.27551192446689615
963,0.6840539165630419
964,0.9999957204137274
965,0.21895782894779556
966,0.9999438124037403
967,0.9999542664971448
968,0.5740131946204993
969,0.9999971108602876
970,0.008797077480123013
971,0.6188078573648416
972,0.9999918955693088
973,8.138615353258793e-05
974,0.9999954280358232
975,0.6489180551039845
976,0.9999985831911093
977,0.14137811053297783
978,0.997497625263974
979,0.9999961826364188
980,0.9999975497238472
981,0.12970996800468604
982,0.060157801857911274
983,0.999999424027332
984,0.9999993731745864
985,0.9999957390329656
986,0.38817119126573774
987,0.9999962784321824
988,0.13006255570409783
989,0.9999990202349774
990,0.0003185308724928271
991,0.019614174937020726
992,0.9999992884808337
993,0.1151629034273603
994,0.30546529058083066
995,0.0021569933918970134
996,0.21930242846371828
997,0.0006868170173268371
998,0.9973014505791749
999,0.549785583258547
1000,0.04208927346726288
1001,0.09046248665298244
1002,0.9999997556325738
1003,0.004740462109654122
1004,0.12502892715530461
1005,0.012368840013125349
1006,0.9999995309833415
1007,0.9999996335868634
1008,0.00521311342486226
1009,0.3967905477624487
1010,0.13924691238408804
1011,0.0021569933918970134
1012,0.04531484094571566
1013,0.2862130996928625
1014,9.824765631614668e-05
1015,0.14712743622766056
1016,0.9999993094695835
1017,0.1740732325634092
1018,0.08365385646486327
1019,0.0021569933918970134
1020,0.027875891583533836
1021,0.9987719759717636
1022,0.14457901527412778
1023,0.4843312739441599
1024,0.18876931552661622
1025,0.08068829088697145
1026,0.9999695804464678
1027,0.3428479855411422
1028,0.17787752062331127
1029,0.9999996735544805
1030,0.030593608255316047
1031,0.9999990332481287
1032,0.045129395192949125
1033,0.04847467352863845
1034,0.6186609745536217
1035,0.006223284663310432
1036,0.14143786837864591
1037,0.9999996193563035
1038,0.0021569933918970134
1039,0.09232694533488042
1040,0.9989485656671904
1041,0.29841784173517777
1042,0.07628659856594712
1043,0.6357628342842672
1044,0.006923018486915446
1045,0.2941730596998492
1046,0.11484004621838707
1047,0.999809582885018
1048,0.024899689323816178
1049,0.00030536833560483275
1050,0.24847174813255926
1051,0.040922260234667315
1052,0.11648490778981571
1053,0.0006084945776211197
1054,0.9999992897697432
1055,0.3317092203465173
1056,0.4539099443868456
1057,0.9999937173058813
1058,0.9999929789999612
1059,7.67348886909881e-05
1060,0.9999999145795365
1061,0.3722619039265342
1062,0.9999999335369005
1063,0.13030858600489714
1064,0.9999852657717769
1065,0.12866476944804392
1066,0.9999767054444194
1067,0.007858820187889737
1068,0.9998540617748469
1069,0.9999948751077469
1070,0.03240491182608983
1071,0.9999991909229071
1072,0.9999988655735774
1073,0.26436726203966127
1074,0.0021569933918970134
1075,0.4276428047138404
1076,0.9999997611879651
1077,0.028387953523775836
1078,0.08741189015460066
1079,0.999964944425782
1080,0.05583591413159189
1081,0.0021569933918970134
1082,0.9984974036825517
1083,0.9217836922255342
1084,0.9999970396012309
1085,0.9999983192116474
1086,0.6643993279713544
1087,0.3345679927587594
1088,0.004537051515085287
1089,0.23646914414479775
1090,0.2766534001184195
1091,0.9996856194171319
1092,0.4203200540201804
1093,0.3990722780719535
1094,0.1984100305363553
1095,0.999999760103876
1096,0.9999985685380905
1097,0.2848166855058713
1098,0.0024383165279982036
1099,0.13399843983522627
1100,0.004537051515085287
1101,0.11226330861550388
1102,0.2585919927200004
1103,0.0008315378962744056
1104,0.12983801980685367
1105,0.6366051398875782
1106,0.019318459415670116
1107,0.07533465670007335
1108,0.9999984667110726
1109,0.2904940973780445
1110,0.06600583163266849
1111,0.09147201995551565
1112,0.1201132057169771
1113,0.009972265574993512
1114,0.9996744727591438
1115,0.021801820295712884
1116,0.170676174496267
1117,0.9999891242649382
1118,0.9993502690320799
1119,0.026862097035828057
1120,0.2607907604424735
1121,0.9999623413793548
1122,0.9999644377392773
1123,0.5481476644855349
1124,0.11762559462009274
1125,0.9999300387771441
1126,0.0021569933918970134
1127,0.2674231671070347
1128,0.9997462613715549
1129,0.9999877329982718
1130,0.9999990124508473
1131,0.0012690544365651223
1132,0.9997830452876499
1133,0.6027733937080325
1134,0.004537051515085287
1135,0.9934645526898712
1136,0.014133499095295111
1137,0.005927657761600299
1138,0.9999932121004939
1139,0.5011609799238145
1140,0.05645199364584137
1141,0.9992911520495097
1142,0.04331601930211994
1143,0.9999994082963372
1144,0.001677163279164076
1145,0.34207230798664706
1146,0.9999997574994107
1147,0.2263599646591091
1148,0.32438374551697674
1149,0.014133499095295111
1150,0.9999993519608917
1151,0.9999999386424482
1152,0.9999999126467183
1153,0.4498610675727189
1154,0.9999945140057053
1155,0.9998703664517512
1156,0.9999999244735165
1157,0.16702375864140037
1158,0.9999560149712834
1159,0.9999312725284111
1160,0.9959866156876344
1161,0.05060161534412268
1162,0.9999997838604548
1163,0.99999995235281
1164,0.05344005003329737
1165,0.9999924570641647
1166,0.5270020013054938
1167,0.04103286321639655
1168,0.9976726556888299
1169,0.01049656602588699
1170,0.19493918068427327
1171,0.6294744480266314
1172,0.04086131228698734
1173,0.9999996583599129
1174,0.9999949326936453
1175,0.002743021181980885
1176,0.9999997192347617
1177,0.24300545995924483
1178,0.9999326892878048
1179,0.9999993431337256
1180,0.9992640180867284
1181,0.9999150995071007
1182,0.2491470163960442
1183,0.1604854255193647
1184,0.9999994747894434
1185,0.9999955187888865
1186,0.16165082705555203
1187,0.9369251704947759
1188,0.9369251704947759
1189,0.16345273666666657
1190,0.9999996835934087
1191,0.9994644592830173
1192,0.9999985832245333
1193,0.2502201697539063
1194,0.9999993017406035
1195,0.9999988801825469
1196,0.16601173446880402
1197,0.5170992662619439
1198,0.4314906995022266
1199,0.9999982964137659
1200,0.04321599100578617
1201,0.999944415491697
1202,0.10641141119298593
1203,0.06820099065401973
1204,0.9998095335134641
1205,0.9892022296289126
1206,0.09322502723037598
1207,0.047504067108266754
1208,0.034668347145508115
1209,0.999999159535745
1210,0.0621514001208454
1211,0.07026234883199522
1212,0.08337984631263942
1213,0.9996340215443598
1214,0.004460629179183976
1215,0.01877392163266708
1216,0.892674439778727
1217,0.21259057755743718
1218,0.6161024238367098
1219,0.9999887083882593
1220,0.014133499095295111
1221,0.1578697805195179
1222,0.002839210626056912
1223,0.768513552591114
1224,0.6682814099240882
1225,0.9999891617952844
1226,0.9999729476671874
1227,0.0021569933918970134
1228,0.9369251704947759
1229,0.99999380617204
1230,0.9924420722070014
1231,0.9870461286376339
1232,0.9999984392384634
1233,0.00052116410340225
1234,0.32438374551697674
1235,0.0021569933918970134
1236,0.03907752562658843
1237,0.028861016978953248
1238,0.9999999793177212
1239,0.99999992855503
1240,0.16286061571493046
1241,0.9999831340533399
1242,0.0005508367482078642
1243,0.0069199717443694875
1244,0.0021569933918970134
1245,0.9973014505791749
1246,0.30576662721688336
1247,0.5439998107073082
1248,0.05687923822572652
1249,0.022837801520797608
1250,0.04574468527908594
1251,0.1748070170677077
1252,0.01660840716920269
1253,0.11481487573119196
1254,0.9893370398309866
1255,0.9999999335367442
1256,0.3444645874310913
1257,0.9999996794354987
1258,0.9756798501474268
1259,0.056447102015396565
1260,0.0021569933918970134
1261,0.014133499095295111
1262,0.9751520538257991
1263,0.06695313868608771
1264,0.9999940566492261
1265,0.9973014505791749
1266,0.16777706596259065
1267,0.4542677657365397
1268,0.32060050444469684
1269,0.0021569933918970134
1270,0.005668362111996793
1271,0.9999969773091588
1272,0.9999268652175275
1273,0.9996324470914392
1274,0.0028016882344555154
1275,0.14421339462017704
1276,0.2211060167457654
1277,0.4290906054834479
1278,0.005640555329084383
1279,0.002043031226587319
1280,0.9998604139530501
1281,0.9999972010024386
1282,0.026661532770435446
1283,0.2896367988047431
1284,0.9999993269239118
1285,0.010392948362164029
1286,0.017696738678752356
1287,0.13277080214720002
1288,0.2087865803913887
1289,0.1034332940846881
1290,0.9999077914321177
1291,0.9997306265540666
1292,0.9999956821865646
1293,0.11046082420517259
1294,0.21885993711387955
1295,0.001804427667823858
1296,0.9999935025851182
1297,0.9999869004215705
1298,0.0021569933918970134
1299,0.9999997439623386
1300,0.15180119012808385
1301,0.9999995997372173
1302,0.3428250438303542
1303,0.0007026038082402163
1304,0.9999993716633908
1305,0.25077780260689125
1306,0.14703468777760992
1307,0.9973014505791749
1308,0.999991671891526
1309,0.0021569933918970134
1310,0.9999987686041628
1311,0.19350322911804224
1312,0.999999792271119
1313,0.9906776819317243
1314,0.9844903632230175
1315,0.05826672470653886
1316,0.9998971528192685
1317,0.6260808248065084
1318,0.0222720697996156
1319,0.9997996396257202
1320,0.9999995381211947
1321,0.013538395130767622
1322,0.0021569933918970134
1323,0.999999571625444
1324,0.23612058943702807
1325,0.0021569933918970134
1326,0.3194753759710014
1327,0.9973014505791749
1328,0.10293859927492427
1329,0.9999958512901882
1330,0.0021569933918970134
1331,0.9999971652630639
1332,0.9999129910012109
1333,0.9999999757245209
1334,0.19563269736498365
1335,0.1371118232888769
1336,0.13097881446343715
1337,0.13332619345099472
1338,0.07852226796611998
1339,0.9230023252086786
1340,0.2456969322916756
1341,0.9997016964740894
1342,0.20851080228393562
1343,0.9999994297218883
1344,0.9823805399267799
1345,0.9999058282204488
1346,0.0007988726347796325
1347,0.9999954072014983
1348,0.04234540602383981
1349,0.03571788558212322
1350,0.9999998098166326
1351,0.013404492435893254
1352,0.0021569933918970134
1353,0.5720699107316853
1354,0.9999975464358473
1355,0.06327109464880398
1356,0.9996875233573385
1357,0.9999993239971599
1358,0.9999979204835107
1359,0.00043080004106712573
1360,0.9999976793977577
1361,0.999973488114674
1362,0.9989984156239387
1363,0.9999917777591586
1364,0.9999998537370907
1365,0.9307168653993088
1366,0.9999999261236098
1367,0.0021569933918970134
1368,0.9999974858099763
1369,0.000985333183224683
1370,0.9999978062387858
1371,0.00011689789578897283
1372,0.0021569933918970134
1373,0.005159892694178526
1374,0.3587897502834064
1375,0.11559457468165989
1376,0.48402399529128004
1377,0.05947810807499814
1378,0.1994246729296653
1379,0.10831548780659422
1380,0.14043110040988857
1381,0.9999994881477821
1382,0.9999993357159486
1383,0.0026683196454140995
1384,0.9999885084531617
1385,0.9999689714210157
1386,0.9999992321568064
1387,0.9987129072229487
1388,0.16317443518156352
1389,8.328928471697693e-05
1390,0.9999988292856617
1391,0.052953805002179416
1392,0.06867383056012114
1393,0.21203443196017535
1394,0.9999990208136571
1395,0.039928009838974605
1396,0.04390128633546904
1397,0.222375930192668
1398,0.6655563659522832
1399,0.9598795639826941
1400,0.09821516805156895
1401,0.9158562582227786
1402,0.4776197388336315
1403,0.07063167621623115
1404,0.018884249308179876
1405,0.9999976798045283
1406,0.008184813648083308
1407,0.1643105488180689
1408,0.9923800639760907
1409,0.050413925708535014
1410,0.16308942628995568
1411,0.00019235460085455092
1412,0.9999988969453115
1413,0.9999937759464218
1414,0.9999945331807472
1415,0.9999947081945106
1416,0.9999999630127554
1417,0.9998771193564454
1418,0.20026059928410064
1419,0.0021569933918970134
1420,0.35637266583477134
1421,0.9999999043764137
1422,0.9999995793675854
1423,0.36645919849349234
1424,0.07125837209993695
1425,0.0029206890140414214
1426,0.00016896765577064613
1427,0.3456439017227936
1428,0.9999991465656368
1429,0.3059785543918498
1430,0.9999999231962734
1431,0.3820007349973154
1432,0.025061760902377408
1433,0.9999993538858218
1434,0.1829658244134021
1435,0.008698761707019071
1436,0.05040103438301888
1437,0.995105147102082
1438,0.32438374551697674
1439,0.4314906995022266
1440,0.1164698729854617
1441,0.9997882317943572
1442,0.08364298896953429
1443,0.13720778371929512
1444,0.11593962469891092
1445,0.9979544582215123
1446,0.13793705666978673
1447,0.999998801039703
1448,0.9996180708634311
1449,0.000887915797575466
1450,0.02835581969242945
1451,0.9999995518399071
1452,0.09533975903634076
1453,0.45640211069847686
1454,0.3790242437892724
1455,0.13894846483030124
1456,0.8103452141684875
1457,0.3302328774095115
1458,0.1740554231695554
1459,0.9999996708315111
1460,0.9999656631148793
1461,0.9973014505791749
1462,0.0986152311268762
1463,0.9999773954072757
1464,0.4312263882326634
1465,0.18576227080075924
1466,0.9999901738346352
1467,0.9999999563872431
1468,0.4246216621707568
1469,0.25392164314220494
1470,0.1748070170677077
1471,0.17065488148563643
1472,0.9999312675993596
1473,0.0021569933918970134
1474,0.4425162844911066
1475,0.052613068645700325
1476,0.9999966100437424
1477,0.13006116531329184
1478,0.42488329071070136
1479,0.3356669974770413
1480,0.20747572776385792
1481,0.0021569933918970134
1482,0.9999798112735733
1483,0.9999997423933754
1484,0.4359483208811206
1485,0.9999980179324869
1486,0.014133499095295111
1487,0.0720223677337176
1488,0.9999961862633134
1489,0.9999994762887162
1490,0.231823635360646
1491,0.9999841476566731
1492,0.9999697987287406
1493,0.9998506154798764
1494,0.4867353448967274
1495,8.610864880656721e-05
1496,0.9999042445114
1497,0.9999965093458728
1498,0.9998026482269818
1499,0.0021569933918970134
1500,0.08584681755667681
1501,0.9999999315873419
1502,0.9999998019594668
1503,0.0822928041575414
1504,0.999999548067481
1505,0.0021569933918970134
1506,0.9999989856611393
1507,0.10776998149889648
1508,0.9999856945047647
1509,0.999998764689205
1510,0.9999516642448113
1511,0.025248326940572986
1512,0.8418551795581595
1513,0.9999991004277784
1514,0.0021569933918970134
1515,0.9999901999902524
1516,0.9994878204856779
1517,0.008820143588055595
1518,0.05742835292119
1519,0.9999998990689016
1520,0.26686502736730083
1521,0.34093454276073
1522,0.9999962652581298
1523,0.9999990788563032
1524,0.37019685749142156
1525,0.23865064001401642
1526,0.23515461620187972
1527,0.9999585999777215
1528,0.1964763649378133
1529,0.999997285444554
1530,0.999999285611721
1531,0.0007384914023625814
1532,0.9940420265652186
1533,0.22849509524337938
1534,0.9999962784321824
1535,0.8114393523385872
1536,0.22373384725613277
1537,0.008747195772995127
1538,0.07409549004331203
1539,0.9999918251019345
1540,0.9960237902987082
1541,0.14472416911854707
1542,0.003639193193457805
1543,0.9999974652461256
1544,0.9681765177221734
1545,0.13894846483030124
1546,0.7921172125937944
1547,0.9987316542289383
1548,0.29631437033331476
1549,0.022239368874878897
1550,0.9999973423749183
1551,0.9999993623003335
1552,0.0021095763024793187
1553,0.9999978123936356
1554,0.09717458032766793
1555,0.8094794079719955
1556,0.9999950816826002
1557,0.9999542856494033
1558,0.03614142780449089
1559,0.9981844137291921
1560,0.9998858369063908
1561,0.9999012912665033
1562,0.0047858213521131615
1563,0.40443366115368845
1564,0.9999998078746628
1565,0.11187867522190559
1566,0.999999499278542
1567,0.4314906995022266
1568,0.4314906995022266
1569,0.07796470336518403
1570,0.9999739213418789
1571,0.17430570541798024
1572,0.6484444410565258
1573,0.999999942496446
1574,0.0021569933918970134
1575,0.014133499095295111
1576,0.9999948748075868
1577,0.9999972517812485
1578,0.9923834582744747
1579,0.9999813733826869
1580,0.5391670107547547
1581,0.9999997301008614
1582,0.9999951410807124
1583,0.9998027404592045
1584,0.9999656631148793
1585,0.03267079743954494
1586,0.4314906995022266
1587,0.0006696033537269999
1588,0.9999961826364188
1589,0.001156502192183133
1590,0.9999999678909154
1591,0.875461576957428
1592,0.9696768847774085
1593,0.7694559603078002
1594,0.9999982093157033
1595,0.21350130573231585
1596,0.01708306326411724
1597,0.9986099971585236
1598,0.9995668352195045
1599,0.9999999019076616
1600,0.9999898469474855
1601,0.04530866828980883
1602,0.23739818425936096
1603,0.9999989346211455
1604,0.514901299450652
1605,0.008951635318218982
1606,0.2040838035158858
1607,0.9990735043542426
1608,0.9973014505791749
1609,0.521622693857029
1610,0.9999942709188167
1611,0.9999839697132761
1612,0.9958961454799949
1613,0.014133499095295111
1614,0.03052529080480588
1615,0.9999826501059386
1616,0.9999993245586588
1617,0.0021569933918970134
1618,0.11378838942483037
1619,0.0021569933918970134
1620,0.9935751097598282
1621,0.13599857807480176
1622,0.9999986130392199
1623,0.0021569933918970134
1624,0.01195463788278162
1625,0.12523682822052914
1626,0.3663754299047733
1627,0.9999945926917172
1628,0.4314906995022266
1629,0.12302075198230418
1630,0.999999329997945
1631,0.9991063441486357
1632,0.014133499095295111
1633,0.9999849032545286
1634,0.9979166280342306
1635,0.9999956449391096
1636,0.9999996825167805
1637,0.9827368580923801
1638,0.999998870970726
1639,0.011228074801091259
1640,0.0012205463681766243
1641,0.2713761858348859
1642,0.1151805395036948
1643,0.11135081202986906
1644,0.9999159996852455
1645,0.045913430939695014
1646,0.932711037396837
1647,7.784488964331248e-05
1648,0.07582573606943455
1649,0.22745963419865195
1650,0.1494100719654979
1651,0.1927574188135248
1652,0.11864214340565274
1653,0.9999999399388333
1654,0.9995097091788234
1655,0.9991111637600375
1656,0.34099843330608687
1657,0.09918952063536504
1658,0.9999993665009884
1659,0.39304692956250964
1660,0.09799928886475091
1661,0.9999700604957267
1662,0.4542004177497194
1663,0.0021569933918970134
1664,0.9999244972611104
1665,0.99999995235281
1666,0.37409987953342205
1667,0.990555634912339
1668,0.8862887744641874
1669,0.9999987347710021
1670,0.9992928787156877
1671,0.9999028497507911
1672,0.03293165972628506
1673,0.0788947399776858
1674,0.04318853104542759
1675,0.327157918917671
1676,0.6169434757544381
1677,0.9369251704947759
1678,0.9986499805755441
1679,0.010968529586849506
1680,0.20201778374671847
1681,0.9999991606874202
1682,0.9999996643851284
1683,0.1740972963378417
1684,0.5283766929143351
1685,0.0030377766502121136
1686,0.1364296877954103
1687,0.04219257840993696
1688,0.973565918123864
1689,0.9999999856125471
1690,0.00171277163461373
1691,0.11315592495451555
1692,0.6496239546475265
1693,0.21873585835540263
1694,0.01567901266113545
1695,0.9994114623765947
1696,0.9999985157577315
1697,0.4376851674198114
1698,0.9999999366906585
1699,0.9999951917287496
1700,0.16346168185446297
1701,0.022837801520797608
1702,0.999973240466659
1703,0.9998295080229908
1704,0.9999949154096104
1705,0.9999975675911681
1706,0.9999993695468701
1707,0.9999987215355689
1708,0.9999996497480099
1709,0.8229318435754193
1710,0.12824056640069365
1711,0.7397476607830137
1712,0.023580391305637452
1713,0.998475985363862
1714,0.9337735088536879
1715,0.10140635958294643
1716,0.9999988595748698
1717,0.9999984155719137
1718,0.035691737439133744
1719,0.7370407355979905
1720,0.0030377766502121136
1721,0.3731454287424656
1722,0.9999998683548428
1723,0.5273906936817344
1724,0.16066631475912901
1725,0.14045175293612558
1726,0.9934255101938086
1727,0.0071058767011848096
1728,0.0027877162337228718
1729,0.07086795462584139
1730,0.999861465099556
1731,0.13799723430268127
1732,0.999982291088829
1733,0.11229435089937423
1734,0.9999937042162742
1735,0.9999999295668143
1736,0.07293622236063728
1737,0.9999965695269858
1738,0.02177405467873288
1739,0.9999656119859953
1740,0.40467510986684535
1741,0.00553485162139168
1742,0.999999697645666
1743,0.018548213424540858
1744,0.06826030188868519
1745,0.9998869953773359
1746,0.0021569933918970134
1747,0.9969595867650752
1748,0.9999992507942572
1749,0.999998832128213
1750,0.999973867517526
1751,0.9999753620134845
1752,0.08171074216579366
1753,0.9999544441066595
1754,0.99999995235281
1755,0.5414855128741362
1756,0.10270310958302188
1757,0.32438374551697674
1758,0.0021569933918970134
1759,0.9999532947637966
1760,0.0005069123067919277
1761,0.0763139721794822
1762,0.1562038051774309
1763,0.13361318963731472
1764,0.9994268024251468
1765,0.06999571830614115
1766,0.004247849528770488
1767,0.44537807703004234
1768,0.1344996240782585
1769,0.8974840353229369
1770,0.7496587101613345
1771,0.991721649247738
1772,0.9999997317357487
1773,0.9999994485993354
1774,0.4314906995022266
1775,0.2984244067535446
1776,0.041721569076936714
1777,0.9999961650541487
1778,0.9999990929039904
1779,0.0021569933918970134
1780,0.0036706380702583793
1781,0.999999811284983
1782,0.9999955943489158
1783,0.9997808909758137
1784,0.9999715017814946
1785,0.09399204827474628
1786,0.9999995514284603
1787,0.18802868940450218
1788,0.9999998368661798
1789,0.9987450805377457
1790,0.8678149627697394
1791,0.3094772024872294
1792,0.9999999314175932
1793,0.9999085148787477
1794,0.01936288253493924
1795,0.9999996460394756
1796,0.428977320429889
1797,0.999981551491886
1798,0.11961709728184275
1799,0.000149199371254002
1800,0.0009474918008014707
1801,0.23140793994811729
1802,0.020339334543084665
1803,0.13191609725418824
1804,0.9999820987111886
1805,0.10592322487658297
1806,0.9996865103763237
1807,0.4083777613810286
1808,0.9999771106942473
1809,0.9999822868709088
1810,0.9999973548475819
1811,0.24190078260523776
1812,0.15211663432781802
1813,0.999999803165087
1814,0.9999997420264086
1815,0.99988775289348
1816,0.29935192813089695
1817,0.07982235799580432
1818,0.2526172189030451
1819,0.22185417982916464
1820,0.9999906551880786
1821,0.0021569933918970134
1822,0.32438374551697674
1823,0.9999790750096036
1824,0.9999984541011612
1825,0.0021569933918970134
1826,0.9999964247663191
1827,0.9999899376545751
1828,0.6420143051798394
1829,0.9969745105157467
1830,0.004775840423425775
1831,0.9999959548567819
1832,0.9999914020575035
1833,0.9999997613114574
1834,0.4314906995022266
1835,0.001003001043295144
1836,0.9999882225455878
1837,0.014133499095295111
1838,0.0021569933918970134
1839,0.9999965641459221
1840,0.3076485294485404
1841,0.0021811540597317523
1842,0.00283262585696153
1843,0.014133499095295111
1844,0.005477409923307336
1845,0.9940420265652186
1846,0.15681674551301095
1847,0.0021569933918970134
1848,0.2050061314543728
1849,0.14242275785948288
1850,0.9999939877226443
1851,0.10066419528126083
1852,0.1355278903268293
1853,0.009010316774862016
1854,0.14586432111219472
1855,0.6000983066475469
1856,0.0021569933918970134
1857,0.31535349498412524
1858,0.05369314866733177
1859,0.014133499095295111
1860,0.0005998572220679513
1861,0.02468498288211052
1862,0.014133499095295111
1863,0.009710288611042459
1864,0.031969383347507596
1865,0.7851818295975126
1866,0.995472300647497
1867,0.04578070257556577
1868,0.9999999121578934
1869,0.9999987104596287
1870,0.01480229694726571
1871,0.0007766108638889047
1872,0.015159735954251222
1873,0.11055125575152173
1874,0.9999995043326015
1875,0.2279087758357937
1876,0.022818238844818175
1877,0.05795705230302534
1878,0.35985137344373525
1879,0.3382294956778055
1880,0.4015299472921599
1881,0.9999667237945961
1882,0.1529437143433155
1883,0.9999973689456789
1884,0.9999990098384542
1885,0.002457728323520733
1886,0.0008807745768295868
1887,0.996549182644597
1888,0.9999985772260122
1889,0.06865868548563737
1890,0.015439295651338052
1891,0.014133499095295111
1892,0.2924227655408728
1893,0.05333795210633469
1894,0.9999998036697713
1895,0.011327376996293971
1896,0.1565934769121801
1897,0.1096435450706701
1898,0.9999833479905129
1899,0.22646666606521312
1900,0.06545362296206238
1901,0.0042106657959880955
1902,0.031452856486084174
1903,0.9993853029972285
1904,0.9998309785006799
1905,0.9999189052936445
1906,0.004398371249630461
1907,0.0009809965603811697
1908,0.1118777011769095
1909,0.9999997411629147
1910,0.999999907540034
1911,0.18349266230644726
1912,0.19570182328255964
1913,0.9999999783258888
1914,0.5893724835386639
1915,0.19844212061864494
1916,0.0021569933918970134
1917,0.9778236845170003
1918,0.9997751058027533
1919,0.13583484553237585
1920,0.9988885264730911
1921,0.0995430935430887
1922,0.0017694312475107798
1923,0.13461153310439214
1924,0.9976767109670239
1925,0.4314906995022266
1926,0.18278196463135066
1927,0.019282509328943723
1928,0.9999311548798784
1929,0.0021569933918970134
1930,0.16650998649713156
1931,0.9999806905408071
1932,0.05093733643886289
1933,0.13894846483030124
1934,0.17210495377904236
1935,0.25138284946249995
1936,0.0030790668732975433
1937,0.184241792439034
1938,0.9999949781249218
1939,0.9980851613237187
1940,0.9999991847913831
1941,0.0008715842026191738
1942,0.4314906995022266
1943,0.9999976745654531
1944,0.20748712567735922
1945,0.06956831160269802
1946,0.20621086124287913
1947,0.9999964764973416
1948,0.3663008524400272
1949,0.9999981672936283
1950,0.9998796987446904
1951,0.0007573188058516526
1952,0.997213941600958
1953,0.9997966562446648
1954,0.9997712440822161
1955,0.0021569933918970134
1956,0.14891560064318066
1957,0.000706690661733233
1958,0.9999998905210876
1959,0.002067060508648798
1960,0.021709977343131136
1961,0.9999994556136674
1962,0.9973014505791749
1963,0.24278144044383282
1964,0.3064065857236199
1965,0.999989567764291
1966,0.07922088178766876
1967,0.07880524322926089
1968,0.08707554560691821
1969,0.0021569933918970134
1970,0.07344639050286893
1971,0.0012673708459236218
1972,0.99999995235281
1973,0.009669862710168278
1974,0.054832937038709395
1975,0.6529193997359003
1976,0.995353371818273
1977,0.017576545818572896
1978,0.000554848333523658
1979,0.4462991675931977
1980,0.42017874320487036
1981,0.16048318964831712
1982,0.9999998703508424
1983,0.9999999157135626
1984,0.051344687584325595
1985,0.19771307696601337
1986,0.0021569933918970134
1987,0.30174616097236306
1988,0.9999997940271966
1989,0.012056782074934491
1990,0.3013270736584114
1991,0.9999981672150566
1992,0.07043603344853815
1993,0.9999956922772938
1994,0.08777736865241181
1995,0.22619530917219485
1996,0.9999717845716016
1997,0.9999837395105966
1998,0.02343504468597467
1999,0.09634300113713812
2000,0.9999994017572447
2001,0.9999951491537177
2002,0.9999926161812068
2003,0.9999997896120981
2004,0.4314906995022266
2005,0.9999928000029992
2006,0.9999996434735929
2007,0.9999607780751578
2008,0.9999687821753971
2009,0.9999910258568235
2010,0.15230057643270373
2011,0.9999974036952632
2012,0.07531884112900465
2013,0.0005765314389574741
2014,0.3936702511693375
2015,0.999901761665662
2016,0.9999805906198413
2017,0.9999999020810483
2018,0.9999970040621208
2019,0.9999999319929765
2020,0.9999990902328779
2021,0.03173450695503036
2022,0.01331667020717871
2023,0.9999987023024381
2024,0.002457728323520733
2025,0.999997564517325
2026,0.9779307272736971
2027,0.129552347580558
2028,0.9999995639943746
2029,0.1468712521629884
2030,0.9996865103763237
2031,0.5961331064769627
2032,0.0006660950983542354
2033,0.08237594434815439
2034,0.444159985036525
2035,0.9999997317357487
2036,0.08931892059861087
2037,0.9999844110061314
2038,0.0836903921604213
2039,0.9999988451591963
2040,0.5233322833496169
2041,0.11160414237979266
2042,0.9999996837550855
2043,0.9999993276557704
2044,0.19787342350300194
2045,0.00568351530507744
2046,0.9973014505791749
2047,0.9999612206593858
2048,0.00012957751090403305
2049,0.05967736792200473
2050,0.9999998416687658
2051,0.16759438441743088
2052,0.11920525345146968
2053,0.0008517022174310674
2054,0.9999992331561982
2055,0.12116985448871462
2056,0.9999989314930413
2057,0.999999351828873
2058,0.9999996802640481
2059,0.9995778593214204
2060,0.021092255414218067
2061,0.9261165919933845
2062,0.9998822274645333
2063,0.0010547742837581505
2064,0.9999815174992396
2065,0.014133499095295111
2066,0.12796265862258113
2067,0.9988032851264178
2068,0.9999981686483892
2069,0.9999985332367302
2070,0.9999989017838464
2071,0.9979416914505471
2072,0.9999729116192039
2073,0.14524024428253043
2074,0.04111045194564817
2075,0.08420652928260763
2076,0.001945017545125781
2077,0.9995270697069204
2078,0.0037461464698076413
2079,0.7421735205153686
2080,0.00731603652728881
2081,0.9996805754438919
2082,0.9823866982678241
2083,0.0034215110470473668
2084,0.10603833061443367
2085,0.999987241413186
2086,0.995472300647497
2087,0.9999979243922834
2088,0.0025604106161229013
2089,0.09584316570134767
2090,0.3882687646873313
2091,0.9996337844849751
2092,0.9973014505791749
2093,0.22204459345709665
2094,0.0021569933918970134
2095,0.06519704156861238
2096,0.03330014168288945
2097,0.9999972813867835
2098,0.032485337151660576
2099,0.9895655200798451
2100,0.3478290924058791
2101,0.9999994672724879
2102,0.014133499095295111
2103,0.9989662547382029
2104,0.9996731427229775
2105,0.0008737287763832885
2106,0.09412568403520165
2107,0.9999638356003043
2108,0.0009731165094546084
2109,0.9997062661562824
2110,0.9953627583611758
2111,0.21907488515290965
2112,0.08952976035857774
2113,0.21705996209740103
2114,0.06312859198150053
2115,0.9995782917633889
2116,0.03673551394170105
2117,0.9999991632814532
2118,0.0010359829723462484
2119,0.6094831778050183
2120,0.002355487819721418
2121,0.017598360914830614
2122,1.5064623845984506e-05
2123,0.9999950111478412
2124,0.38950011388065614
2125,0.9999990890871856
2126,0.9999967709737781
2127,0.42947051222089566
2128,0.10499320285598784
2129,0.2364786451681504
2130,0.9999976363516448
2131,0.9999918706925711
2132,0.1725654667169529
2133,0.45241608812153306
2134,0.9999828157635448
2135,0.8817900644391201
2136,0.9999973908482435
2137,0.32250550614023976
2138,0.9999987666569513
2139,0.031009045870738935
2140,0.9999996980842981
2141,0.21618934323781933
2142,0.004717822677621913
2143,0.9999987499017207
2144,0.9999255388938465
2145,0.1834809814075463
2146,0.999999244369833
2147,0.9999950018076899
2148,0.25335544492067946
2149,0.9991649821738736
2150,0.09256467364430768
2151,0.13836698138580758
2152,0.9992640375186282
2153,0.14994115814465636
2154,0.9999737820430923
2155,0.9999996336001363
2156,0.33128439220623596
2157,0.052829118335546786
2158,0.9999998105491736
2159,0.0021569933918970134
2160,0.08269059959046987
2161,0.00020212250022222256
2162,0.3781652752038516
2163,0.09418336974781355
2164,0.9999996623124476
2165,0.02562333609519984
2166,0.9999978026336703
2167,0.35781237548626593
2168,0.9999740744350881
2169,0.9870461286376339
2170,0.9999945764783424
2171,0.600504876591132
2172,0.9999585913544772
2173,0.0021569933918970134
2174,0.0035347750949833775
2175,0.05610177234744514
2176,0.08449786593087145
2177,0.002479660070797265
2178,0.04351406910595123
2179,0.15303166889189673
2180,0.9999972348477545
2181,0.9999836045582815
2182,0.0019932100886435483
2183,0.031587686007879694
2184,0.17593299888883188
2185,0.01159769547690151
2186,0.9999370222615761
2187,0.9999979326005698
2188,0.19629010937356076
2189,0.0065135059404103
2190,0.2918336151929099
2191,0.0021569933918970134
2192,0.9999990254681764
2193,0.5252675423154156
2194,0.4875875370671064
2195,0.02973409876151556
2196,0.9999268652175275
2197,0.5793839357457652
2198,0.10428051756647458
2199,0.9999867685553002
2200,0.9999999307052885
2201,0.002784769380864878
2202,0.999999625631033
2203,0.9999987666569513
2204,0.9999998668610548
2205,0.9985412750152273
2206,0.9999938745362609
2207,0.9340866793882998
2208,0.2319132061856686
2209,0.1723772209270661
2210,0.9999960064209737
2211,0.11923473109680434
2212,0.06988603886572933
2213,0.9999956650852819
2214,0.9989610494243787
2215,0.9999999946117555
2216,0.9999583997204151
2217,0.20631335413946747
2218,0.015793437092436732
2219,0.3602502839470991
2220,0.00011383798037512737
2221,0.34626951576357184
2222,0.07974603802295405
2223,0.05213457029011165
2224,0.9994857991210429
2225,0.003925456961603766
2226,0.024338844123990695
2227,0.09195101438665562
2228,0.014133499095295111
2229,0.9999964842444754
2230,0.2001828866634836
2231,0.02743409211652665
2232,0.9415332970980576
2233,0.9983612630440872
2234,0.9999997168662108
2235,0.9994975194655292
2236,0.9999848119407817
2237,0.22636499876277535
2238,0.013434985670849607
2239,0.13961848333569307
2240,0.04045583249832704
2241,0.0021569933918970134
2242,0.02912175431965989
2243,0.9999998262836138
2244,0.12386499265186354
2245,0.9999812902365566
2246,0.9369251704947759
2247,0.0007797858847397152
2248,0.16110918538410648
2249,0.09757313097288249
2250,0.999998423689539
2251,0.9999866273754915
2252,0.9987769803415099
2253,0.04235067197892772
2254,0.9999988641018888
2255,0.0021569933918970134
2256,0.9999985561046622
2257,0.13508233099113903
2258,0.31644176225306136
2259,0.9999774448017413
2260,0.3266895730078198
2261,0.12714699935513593
2262,0.8899664816361906
2263,0.999961810479847
2264,0.9993110108475791
2265,0.2973238735726082
2266,0.9999047915021115
2267,0.9996805754438919
2268,0.6846475228307477
2269,0.987344371132952
2270,0.5314240307231781
2271,0.04360537774726589
2272,0.010098125336553875
2273,0.9999995479631307
2274,0.10827915884574801
2275,0.2409750261862604
2276,0.0018186621292657253
2277,0.9997248069906902
2278,0.9999995437942079
2279,0.0006017987468142437
2280,0.8634787678478288
2281,0.9995523899236208
2282,0.24374254514851176
2283,0.0025635002584130213
2284,0.14316063928522174
2285,0.0469817995575996
2286,0.2883853432427747
2287,0.3071519968965311
2288,0.016743530419649103
2289,0.00015390653208106252
2290,0.0011510087896526436
2291,0.9999466033182565
2292,0.9968063246052863
2293,0.021978983164671197
2294,0.43429582902571506
2295,0.9753689934345617
2296,0.03660945023519461
2297,0.0021569933918970134
2298,0.9998637770826739
2299,0.004699184140341117
2300,0.10397613767509849
2301,0.9999994384212427
2302,0.9999994137838129
2303,0.011327376996293971
2304,0.0034517348134103978
2305,0.9999990332052687
2306,0.99998511234289
2307,0.022286548110878983
2308,0.9999939496685639
2309,0.6313873659652678
2310,0.9603112547946885
2311,0.07578948405174189
2312,0.9999233384227044
2313,0.0005814841431696312
2314,0.0006925854537259573
2315,0.0054103143497141615
2316,0.9999872019939156
2317,0.0021569933918970134
2318,0.11563609828154241
2319,0.0030377766502121136
2320,0.9415332970980576
2321,0.9999865140880506
2322,0.999999691896496
2323,0.23932090980696483
2324,0.0424990457512578
2325,0.9999989740396136
2326,0.2993106983779925
2327,0.9999931206960341
2328,0.9999998314629011
2329,0.9999595220305502
2330,0.9999934971559816
2331,0.1406919753325328
2332,0.3644697067530807
2333,0.9995504243517576
2334,0.1626481231331376
2335,0.7279632344340127
2336,0.9913407829300578
2337,0.9993225258627437
2338,0.9999999530125347
2339,0.9999938607416414
2340,0.32438374551697674
2341,0.9940537743238681
2342,0.9999837941862852
2343,0.0021569933918970134
2344,0.011527174493050643
2345,6.3678487356702e-05
2346,0.16600016700216882
2347,0.999999921351264
2348,0.05604721047342006
2349,0.0018591449291988252
2350,0.0021569933918970134
2351,0.4529658579237363
2352,0.9999992691470083
2353,0.3060618149395167
2354,0.04328502893857914
2355,0.9999902779358165
2356,0.9999951077923028
2357,0.0021569933918970134
2358,0.9997284396863292
2359,0.9999996188828406
2360,0.9924106441166922
2361,0.0021569933918970134
2362,0.19176747991707088
2363,0.24701825276574074
2364,0.07915775029000459
2365,0.22041519970867832
2366,0.06082864640707606
2367,0.9999940502947098
2368,0.030578069643134285
2369,0.9999967758554185
2370,0.2201717831299339
2371,0.19013865815717604
2372,0.05612946329779368
2373,0.9999940901774643
2374,0.2069832285454505
2375,0.9999941036495877
2376,0.26619408262010136
2377,0.019022357920426166
2378,0.9999662113589513
2379,0.09005689136956538
2380,0.5593846616451321
2381,0.014133499095295111
2382,0.49330616838559327
2383,0.11814072523266711
2384,0.9999961982638657
2385,0.031877462248698016
2386,0.07238859439941232
